{
    "V0H0He0": {
        "pe": 3.637978807091713e-12,
        "rvol": -3.7505541533352226e-14
    },
    "V0H1He0": {
        "pe": 0.7957872735722922,
        "rvol": 0.13562820917550925
    },
    "V0H0He1": {
        "pe": 6.684289432374499,
        "rvol": 0.5688715784312415
    },
    "V1H0He0": {
        "pe": 3.633692241330982,
        "rvol": -0.32381805725671253
    },
    "V1H1He0": {
        "pe": 3.542348936443655,
        "rvol": -0.3472236815020539
    },
    "V1H0He1": {
        "pe": 4.9281246638882745,
        "rvol": -0.17005833515004715
    },
    "V2H0He0": {
        "pe": 7.181422683863001,
        "rvol": -0.7098959268367365
    },
    "V2H1He0": {
        "pe": 6.7111554298704466,
        "rvol": -0.7351711953248231
    },
    "V2H0He1": {
        "pe": 8.143631463329893,
        "rvol": -0.5313896047618633
    },
    "V0H0He2": {
        "pe": 12.480391889370367,
        "rvol": 0.970527571054497
    },
    "V0H0He3": {
        "pe": 17.766179456386453,
        "rvol": 1.2943317823993035
    },
    "V0H0He4": {
        "pe": 23.1258382382548,
        "rvol": 1.6159618195140073
    },
    "V0H0He5": {
        "pe": 28.178199374458927,
        "rvol": 2.0464309820674917
    },
    "V0H0He6": {
        "pe": 32.76532748733371,
        "rvol": 2.4841417328973012
    },
    "V0H0He7": {
        "pe": 37.95983663174775,
        "rvol": 2.8918480265266573
    },
    "V1H0He2": {
        "pe": 8.341921367135773,
        "rvol": -0.036106404140879
    },
    "V1H0He3": {
        "pe": 11.885401617825528,
        "rvol": 0.28626415854992965
    },
    "V1H0He4": {
        "pe": 15.397646045609553,
        "rvol": 0.6123435140939422
    },
    "V1H0He5": {
        "pe": 19.707598145016938,
        "rvol": 0.9303255058818348
    },
    "V1H0He6": {
        "pe": 23.800418145826235,
        "rvol": 1.1983425992374834
    },
    "V1H0He7": {
        "pe": 28.378607824425536,
        "rvol": 1.5965597979466228
    },
    "V2H0He2": {
        "pe": 9.076239245013948,
        "rvol": -0.3702151533470055
    },
    "V2H0He3": {
        "pe": 11.472752698494968,
        "rvol": -0.1930403706935419
    },
    "V2H0He4": {
        "pe": 14.610169425855656,
        "rvol": 0.05681251856327943
    },
    "V2H0He5": {
        "pe": 17.795002800854217,
        "rvol": 0.30772260502255266
    },
    "V2H0He6": {
        "pe": 20.915992721931342,
        "rvol": 0.5824854498110209
    },
    "V2H0He7": {
        "pe": 24.17761213676358,
        "rvol": 0.8628904465608113
    },
    "V0H2He0": {
        "pe": 1.4233813552944339,
        "rvol": 0.2389559531481089
    },
    "V0H3He0": {
        "pe": 2.145155246190086,
        "rvol": 0.392221740009678
    },
    "V0H4He0": {
        "pe": 2.8882290741381293,
        "rvol": 0.5107861123459767
    },
    "V0H5He0": {
        "pe": 3.6761153818592724,
        "rvol": 0.6291802190739104
    },
    "V0H6He0": {
        "pe": 4.610275580203393,
        "rvol": 0.7690978948683216
    },
    "V0H7He0": {
        "pe": 5.51046446665193,
        "rvol": 0.9446748234667861
    },
    "V1H2He0": {
        "pe": 2.9528220654034536,
        "rvol": -0.20886997673991672
    },
    "V1H3He0": {
        "pe": 2.4802917852553374,
        "rvol": -0.25628260454483515
    },
    "V1H4He0": {
        "pe": 2.2088372867678423,
        "rvol": -0.21182500082797429
    },
    "V1H5He0": {
        "pe": 2.2990972418331967,
        "rvol": -0.11777349221744407
    },
    "V1H6He0": {
        "pe": 2.6484969937375578,
        "rvol": 0.019112293101756397
    },
    "V1H7He0": {
        "pe": 3.377800666571712,
        "rvol": 0.24261100997089305
    },
    "V2H2He0": {
        "pe": 5.257512915711678,
        "rvol": -0.517342336498516
    },
    "V2H3He0": {
        "pe": 5.049279099665352,
        "rvol": -0.4491005768401707
    },
    "V2H4He0": {
        "pe": 4.887825506234806,
        "rvol": -0.3806283048611776
    },
    "V2H5He0": {
        "pe": 4.638805975833911,
        "rvol": -0.31866644599577093
    },
    "V2H6He0": {
        "pe": 4.420749665211655,
        "rvol": -0.2559524221051961
    },
    "V2H7He0": {
        "pe": 4.461374395828871,
        "rvol": -0.2779632102039199
    },
    "V0H1He1": {
        "pe": 6.7522310088396775,
        "rvol": 0.6592121037599914
    },
    "V0H1He2": {
        "pe": 12.117574423756102,
        "rvol": 1.1049846262488816
    },
    "V0H1He3": {
        "pe": 17.204481992303858,
        "rvol": 1.4470646776618932
    },
    "V0H1He4": {
        "pe": 22.453210106265846,
        "rvol": 1.7710505969343582
    },
    "V0H1He5": {
        "pe": 27.49332340634,
        "rvol": 2.172023244346781
    },
    "V0H1He6": {
        "pe": 32.00083546256874,
        "rvol": 2.4943989259735186
    },
    "V0H1He7": {
        "pe": 37.17126559137332,
        "rvol": 2.969883288755678
    },
    "V0H2He1": {
        "pe": 6.9020066006649285,
        "rvol": 0.6960501823816332
    },
    "V0H2He2": {
        "pe": 11.777513167997125,
        "rvol": 1.2052322827555029
    },
    "V0H2He3": {
        "pe": 16.736477695276147,
        "rvol": 1.5773501506799759
    },
    "V0H2He4": {
        "pe": 21.76639242001492,
        "rvol": 1.897258727406594
    },
    "V0H2He5": {
        "pe": 26.574695363587846,
        "rvol": 2.323449002983356
    },
    "V0H2He6": {
        "pe": 31.74469561339883,
        "rvol": 2.611565254641507
    },
    "V0H2He7": {
        "pe": 36.63995387808408,
        "rvol": 3.283905766172465
    },
    "V0H3He1": {
        "pe": 6.869381031340424,
        "rvol": 0.7441020003814265
    },
    "V0H3He2": {
        "pe": 11.886751813198032,
        "rvol": 1.1785837903922511
    },
    "V0H3He3": {
        "pe": 16.99819189354338,
        "rvol": 1.6502607578621282
    },
    "V0H3He4": {
        "pe": 22.091740299226046,
        "rvol": 2.0250012191603965
    },
    "V0H3He5": {
        "pe": 26.479756536757748,
        "rvol": 2.61571621165566
    },
    "V0H3He6": {
        "pe": 30.859777237065543,
        "rvol": 2.788783810601998
    },
    "V0H3He7": {
        "pe": 36.15071489536666,
        "rvol": 3.4409648894446963
    },
    "V0H4He1": {
        "pe": 7.45159689841565,
        "rvol": 0.8316086279711867
    },
    "V0H4He2": {
        "pe": 12.074036049885384,
        "rvol": 1.2270971376112167
    },
    "V0H4He3": {
        "pe": 16.978005979875512,
        "rvol": 1.6881696404376647
    },
    "V0H4He4": {
        "pe": 22.21896251341567,
        "rvol": 2.05530362298314
    },
    "V0H4He5": {
        "pe": 26.58296081999614,
        "rvol": 2.853620866166594
    },
    "V0H4He6": {
        "pe": 30.868732175796673,
        "rvol": 3.067006873667632
    },
    "V0H4He7": {
        "pe": 35.84301083955105,
        "rvol": 3.6669438061129194
    },
    "V0H5He1": {
        "pe": 8.100108284871094,
        "rvol": 0.9437411943375926
    },
    "V0H5He2": {
        "pe": 12.691642129455868,
        "rvol": 1.3232329408583725
    },
    "V0H5He3": {
        "pe": 17.024024822862412,
        "rvol": 1.7395606887397874
    },
    "V0H5He4": {
        "pe": 22.225491377027065,
        "rvol": 2.1147152578221013
    },
    "V0H5He5": {
        "pe": 26.570255536335463,
        "rvol": 2.9316339347119316
    },
    "V0H5He6": {
        "pe": 31.005736786534253,
        "rvol": 3.077399807794182
    },
    "V0H5He7": {
        "pe": 35.62005729324345,
        "rvol": 3.8068484840276113
    },
    "V0H6He1": {
        "pe": 8.98879701868043,
        "rvol": 1.0931245170084702
    },
    "V0H6He2": {
        "pe": 13.16530206963705,
        "rvol": 1.4449276110578548
    },
    "V0H6He3": {
        "pe": 17.060332116966833,
        "rvol": 1.8099418910372347
    },
    "V0H6He4": {
        "pe": 22.22237640374931,
        "rvol": 2.18446130285295
    },
    "V0H6He5": {
        "pe": 26.46137570654662,
        "rvol": 2.6255187186100404
    },
    "V0H6He6": {
        "pe": 30.997048268972662,
        "rvol": 3.2354318791143695
    },